{
  "parent": "skyblock:skyblock/the_nether",
  "display": {
    "icon": {
      "item": "minecraft:ancient_debris"
    },
    "title": {
      "translate": "Brutiful"
    },
    "description": {
      "translate": "Piglin Brutes spawn in Bastion Remnants and may drop Ancient Debris on death."
    },
    "frame": "challenge"
  },
  "criteria": {
    "ancient_debris": {
      "trigger": "minecraft:inventory_changed",
      "conditions": {
        "items": [
          {
            "items": [
              "minecraft:ancient_debris"
            ]
          }
        ]
      }
    }
  }
}
