{
  "parent": "skyblock:skyblock/root",
  "display": {
    "icon": {
      "item": "minecraft:glow_berries"
    },
    "title": {
      "translate": "Snatched from the Jaws"
    },
    "description": {
      "translate": "Get Berries from a Fox"
    },
    "frame": "goal"
  },
  "criteria": {
    "berries": {
      "trigger": "minecraft:inventory_changed",
      "conditions": {
        "items": [
          {
            "items": [
              "minecraft:glow_berries",
              "minecraft:sweet_berries"
            ]
          }
        ]
      }
    }
  }
}
