{
  "parent": "skyblock:skyblock/iron_ingot",
  "display": {
    "icon": {
      "item": "minecraft:cauldron"
    },
    "title": {
      "translate": "Please Rain..."
    },
    "description": {
      "translate": "Craft a Cauldron to catch rain"
    }
  },
  "criteria": {
    "cauldron": {
      "trigger": "minecraft:inventory_changed",
      "conditions": {
        "items": [
          {
            "items": [
              "minecraft:cauldron"
            ]
          }
        ]
      }
    }
  }
}