{
  "parent": "skyblock:skyblock/emerald",
  "display": {
    "icon": {
      "item": "minecraft:clay"
    },
    "title": {
      "translate": "Spoils of War"
    },
    "description": {
      "translate": "Receive Clay as a Hero of the Village gift"
    },
    "frame": "goal"
  },
  "criteria": {
    "clay": {
      "trigger": "minecraft:inventory_changed",
      "conditions": {
        "items": [
          {
            "items": [
              "minecraft:clay"
            ]
          }
        ]
      }
    }
  }
}