{
  "parent": "skyblock:skyblock/lava_bucket",
  "display": {
    "icon": {
      "item": "minecraft:cobblestone"
    },
    "title": {
      "translate": "Space Age"
    },
    "description": {
      "translate": "Build a Cobblestone generator"
    }
  },
  "criteria": {
    "has_cobblestone": {
      "trigger": "minecraft:inventory_changed",
      "conditions": {
        "items": [
          {
            "items": [
              "minecraft:cobblestone"
            ]
          }
        ]
      }
    }
  }
}