{
  "parent": "skyblock:skyblock/the_nether",
  "display": {
    "icon": {
      "item": "minecraft:gilded_blackstone"
    },
    "title": {
      "translate": "Flecks of Gold"
    },
    "description": {
      "translate": "Receive Gilded Blackstone from Bartering"
    },
    "frame": "goal"
  },
  "criteria": {
    "gilded_blackstone": {
      "trigger": "minecraft:inventory_changed",
      "conditions": {
        "items": [
          {
            "items": [
              "minecraft:gilded_blackstone"
            ]
          }
        ]
      }
    }
  }
}