{
  "parent": "skyblock:skyblock/root",
  "display": {
    "icon": {
      "item": "minecraft:iron_ingot"
    },
    "title": {
      "translate": "Acq... Steal Hardware"
    },
    "description": {
      "translate": "Kill Zombies to get Iron"
    }
  },
  "criteria": {
    "iron_ingot": {
      "trigger": "minecraft:inventory_changed",
      "conditions": {
        "items": [
          {
            "items": [
              "minecraft:iron_ingot"
            ]
          }
        ]
      }
    }
  }
}