{
  "parent": "skyblock:skyblock/emerald",
  "display": {
    "icon": {
      "item": "minecraft:lava_bucket"
    },
    "title": {
      "translate": "Lava Lova"
    },
    "description": {
      "translate": "Trade a Wandering Trader for a Lava Bucket"
    }
  },
  "criteria": {
    "lava_bucket": {
      "trigger": "minecraft:inventory_changed",
      "conditions": {
        "items": [
          {
            "items": [
              "minecraft:lava_bucket"
            ]
          }
        ]
      }
    }
  }
}