{
  "parent": "skyblock:skyblock/cauldron",
  "display": {
    "icon": {
      "item": "minecraft:lightning_rod"
    },
    "title": {
      "translate": "IT'S ALIV... er Undead"
    },
    "description": {
      "translate": "Craft a Lightning Rod to help in converting Pigs"
    }
  },
  "criteria": {
    "prismarine_shard": {
      "trigger": "minecraft:inventory_changed",
      "conditions": {
        "items": [
          {
            "items": [
              "minecraft:lightning_rod"
            ]
          }
        ]
      }
    }
  }
}
