{
  "parent": "skyblock:skyblock/root",
  "display": {
    "icon": {
      "item": "minecraft:netherrack"
    },
    "title": {
      "translate": "Block Of Flesh"
    },
    "description": {
      "translate": "Craft Netherrack from Rotten Flesh"
    }
  },
  "criteria": {
    "netherrack": {
      "trigger": "minecraft:inventory_changed",
      "conditions": {
        "items": [
          {
            "items": [
              "minecraft:netherrack"
            ]
          }
        ]
      }
    }
  }
}