{
  "parent": "skyblock:skyblock/netherrack",
  "display": {
    "icon": {
      "item": "minecraft:nether_wart"
    },
    "title": {
      "translate": "Billy, I Need You"
    },
    "description": {
      "translate": "Have a Goat ram into a Nether Wart Block"
    }
  },
  "criteria": {
    "nether_wart": {
      "trigger": "minecraft:inventory_changed",
      "conditions": {
        "items": [
          {
            "items": [
              "minecraft:nether_wart"
            ]
          }
        ]
      }
    }
  }
}