{
  "parent": "skyblock:skyblock/lava_bucket",
  "display": {
    "icon": {
      "item": "minecraft:pointed_dripstone"
    },
    "title": {
      "translate": "What's The Point?"
    },
    "description": {
      "translate": "Buy some Pointed Dripstone to Duplicate Lava"
    }
  },
  "criteria": {
    "has_pointed_dripstone": {
      "trigger": "minecraft:inventory_changed",
      "conditions": {
        "items": [
          {
            "items": [
              "minecraft:pointed_dripstone"
            ]
          }
        ]
      }
    }
  }
}