{
  "parent": "skyblock:skyblock/the_nether",
  "display": {
    "icon": {
      "item": "minecraft:piglin_banner_pattern"
    },
    "title": {
      "translate": "Why'd It Have That?"
    },
    "description": {
      "translate": "Kill a Zoglin to get a Snout Banner Pattern"
    },
    "frame": "goal",
    "show_toast": true,
    "announce_to_chat": true,
    "hidden": false
  },
  "criteria": {
    "snout": {
      "trigger": "minecraft:inventory_changed",
      "conditions": {
        "items": [
          {
            "items": [
              "minecraft:piglin_banner_pattern"
            ]
          }
        ]
      }
    }
  },
  "requirements": [
    [
      "snout"
    ]
  ]
}