{
  "parent": "minecraft:recipes/root",
  "rewards": {
    "recipes": [
      "skyblock:coal_ore_smithing"
    ]
  },
  "criteria": {
    "has_coal_block": {
      "trigger": "minecraft:inventory_changed",
      "conditions": {
        "items": [
          {
            "items": [
              "minecraft:coal_block"
            ]
          }
        ]
      }
    },
    "has_the_recipe": {
      "trigger": "minecraft:recipe_unlocked",
      "conditions": {
        "recipe": "skyblock:coal_ore_smithing"
      }
    }
  },
  "requirements": [
    [
      "has_coal_block",
      "has_the_recipe"
    ]
  ]
}