{
  "parent": "minecraft:recipes/root",
  "rewards": {
    "recipes": [
      "skyblock:lapis_ore_smithing"
    ]
  },
  "criteria": {
    "has_lapis_block": {
      "trigger": "minecraft:inventory_changed",
      "conditions": {
        "items": [
          {
            "items": [
              "minecraft:lapis_block"
            ]
          }
        ]
      }
    },
    "has_the_recipe": {
      "trigger": "minecraft:recipe_unlocked",
      "conditions": {
        "recipe": "skyblock:lapis_ore_smithing"
      }
    }
  },
  "requirements": [
    [
      "has_lapis_block",
      "has_the_recipe"
    ]
  ]
}