{
  "parent": "minecraft:nether/find_bastion",
  "display": {
    "icon": {
      "item": "minecraft:golden_axe"
    },
    "title": {
      "translate": "advancements.nether.loot_bastion.title"
    },
    "description": {
      "translate": "Kill a Piglin Brute that spawns in a Bastion Remnant"
    },
    "frame": "task",
    "show_toast": true,
    "announce_to_chat": true,
    "hidden": false
  },
  "criteria": {
    "kill_piglin_brute": {
      "trigger": "minecraft:player_killed_entity",
      "conditions": {
        "entity": {
          "type": "minecraft:piglin_brute"
        }
      }
    }
  },
  "has_requirements": [
    [
      "kill_piglin_brute"
    ]
  ]
}
