{
  "type": "minecraft:fishing",
  "pools": [
    {
      "rolls": 1.0,
      "entries": [
        {
          "type": "minecraft:item",
          "name": "minecraft:name_tag",
          "weight": 5
        },
        {
          "type": "minecraft:item",
          "name": "minecraft:saddle",
          "weight": 5
        },
        {
          "type": "minecraft:item",
          "functions": [
            {
              "function": "minecraft:set_damage",
              "damage": {
                "min": 0.0,
                "max": 0.25
              }
            },
            {
              "function": "minecraft:enchant_with_levels",
              "levels": 30,
              "treasure": true
            }
          ],
          "name": "minecraft:bow",
          "weight": 5
        },
        {
          "type": "minecraft:item",
          "functions": [
            {
              "function": "minecraft:set_damage",
              "damage": {
                "min": 0.0,
                "max": 0.25
              }
            },
            {
              "function": "minecraft:enchant_with_levels",
              "levels": 30,
              "treasure": true
            }
          ],
          "name": "minecraft:fishing_rod",
          "weight": 5
        },
        {
          "type": "minecraft:item",
          "functions": [
            {
              "function": "minecraft:enchant_with_levels",
              "levels": 30,
              "treasure": true
            }
          ],
          "name": "minecraft:book",
          "weight": 5
        },
        {
          "type": "minecraft:item",
          "name": "minecraft:nautilus_shell",
          "weight": 5
        },
        {
          "type": "minecraft:item",
          "conditions": [
            {
              "condition": "minecraft:location_check",
              "predicate": {
                "dimension": "minecraft:the_end"
              }
            }
          ],
          "functions": [
            {
              "function": "minecraft:set_damage",
              "damage": {
                "min": 0.0,
                "max": 0.25
              }
            }
          ],
          "name": "minecraft:elytra",
          "weight": 1
        }
      ]
    }
  ]
}